id,budget,revenue,original_title,cast,homepage,director,tagline,keywords,overview,genres,production_companies,vote_average,release_year
1,150000000,1513528810,Jurassic World,Chris Pratt|Bryce Dallas Howard|Irrfan Khan|Vincent D'Onofrio|Nick Robinson,http://www.jurassicworld.com/,Colin Trevorrow,The park is open.,monster|dna|tyrannosaurus rex|velociraptor|island,"Twenty-two years after the events of Jurassic Park, Isla Nublar now features a fully functioning dinosaur theme park, Jurassic World, as originally envisioned by John Hammond.",Action|Adventure|Science Fiction|Thriller,Universal Studios|Amblin Entertainment|Legendary Pictures|Fuji Television Network|Dentsu,6.5,2015
2,150000000,378436354,Mad Max: Fury Road,Tom Hardy|Charlize Theron|Hugh Keays-Byrne|Nicholas Hoult|Josh Helman,http://www.madmaxmovie.com/,George Miller,What a Lovely Day.,future|chase|post-apocalyptic|dystopia|australia,"An apocalyptic story set in the furthest reaches of our planet, in a stark desert landscape where humanity is broken, and most everyone is crazed fighting for the necessities of life. Within this world exist two rebels on the run who just might be able to restore order. There's Max, a man of action and a man of few words, who seeks peace of mind following the loss of his wife and child in the aftermath of the chaos. And Furiosa, a woman of action and a woman who believes her path to survival may be achieved if she can make it across the desert back to her childhood homeland.",Action|Adventure|Science Fiction|Thriller,Village Roadshow Pictures|Kennedy Miller Productions,7.1,2015
3,110000000,295238201,Insurgent,Shailene Woodley|Theo James|Kate Winslet|Ansel Elgort|Miles Teller,http://www.thedivergentseries.movie/#insurgent,Robert Schwentke,One Choice Can Destroy You,based on novel|revolution|dystopia|sequel|dystopic future,Beatrice Prior must confront her inner demons and continue her fight against a powerful alliance which threatens to tear her society apart.,Adventure|Science Fiction|Thriller,Summit Entertainment|Mandeville Films|Red Wagon Entertainment|NeoReel,6.3,2015
4,200000000,2068178225,Star Wars: The Force Awakens,Harrison Ford|Mark Hamill|Carrie Fisher|Adam Driver|Daisy Ridley,http://www.starwars.com/films/star-wars-episode-vii,J.J. Abrams,Every generation has a story.,android|spaceship|jedi|space opera|3d,"Thirty years after defeating the Galactic Empire, Han Solo and his allies face a new threat from the evil Kylo Ren and his army of Stormtroopers.",Action|Adventure|Science Fiction|Fantasy,Lucasfilm|Truenorth Productions|Bad Robot,7.5,2015
5,190000000,1506249360,Furious 7,Vin Diesel|Paul Walker|Jason Statham|Michelle Rodriguez|Dwayne Johnson,http://www.furious7.com/,James Wan,Vengeance Hits Home,car race|speed|revenge|suspense|car,Deckard Shaw seeks revenge against Dominic Toretto and his family for his comatose brother.,Action|Crime|Thriller,Universal Pictures|Original Film|Media Rights Capital|Dentsu|One Race Films,7.3,2015
6,135000000,532950503,The Revenant,Leonardo DiCaprio|Tom Hardy|Will Poulter|Domhnall Gleeson|Paul Anderson,http://www.foxmovies.com/movies/the-revenant,Alejandro GonzÃ¡lez IÃ±Ã¡rritu,"(n. One who has returned, as if from the dead.)",father-son relationship|rape|based on novel|mountains|winter,"In the 1820s, a frontiersman, Hugh Glass, sets out on a path of vengeance against those who left him for dead after a bear mauling.",Western|Drama|Adventure|Thriller,Regency Enterprises|Appian Way|CatchPlay|Anonymous Content|New Regency Pictures,7.2,2015
7,155000000,440603537,Terminator Genisys,Arnold Schwarzenegger|Jason Clarke|Emilia Clarke|Jai Courtney|J.K. Simmons,http://www.terminatormovie.com/,Alan Taylor,Reset the future,saving the world|artificial intelligence|cyborg|killer robot|future,"The year is 2029. John Connor, leader of the resistance continues the war against the machines. At the Los Angeles offensive, John's fears of the unknown future begin to emerge when TECOM spies reveal a new plot by SkyNet that will attack him from both fronts; past and future, and will ultimately change warfare forever.",Science Fiction|Action|Thriller|Adventure,Paramount Pictures|Skydance Productions,5.8,2015
8,108000000,595380321,The Martian,Matt Damon|Jessica Chastain|Kristen Wiig|Jeff Daniels|Michael PeÃ±a,http://www.foxmovies.com/movies/the-martian,Ridley Scott,Bring Him Home,based on novel|mars|nasa|isolation|botanist,"During a manned mission to Mars, Astronaut Mark Watney is presumed dead after a fierce storm and left behind by his crew. But Watney has survived and finds himself stranded and alone on the hostile planet. With only meager supplies, he must draw upon his ingenuity, wit and spirit to subsist and find a way to signal to Earth that he is alive.",Drama|Adventure|Science Fiction,Twentieth Century Fox Film Corporation|Scott Free Productions|Mid Atlantic Films|International Traders|TSG Entertainment,7.6,2015
9,74000000,1156730962,Minions,Sandra Bullock|Jon Hamm|Michael Keaton|Allison Janney|Steve Coogan,http://www.minionsmovie.com/,Kyle Balda|Pierre Coffin,"Before Gru, they had a history of bad bosses",assistant|aftercreditsstinger|duringcreditsstinger|evil mastermind|minions,"Minions Stuart, Kevin and Bob are recruited by Scarlet Overkill, a super-villain who, alongside her inventor husband Herb, hatches a plot to take over the world.",Family|Animation|Adventure|Comedy,Universal Pictures|Illumination Entertainment,6.5,2015
10,175000000,853708609,Inside Out,Amy Poehler|Phyllis Smith|Richard Kind|Bill Hader|Lewis Black,http://movies.disney.com/inside-out,Pete Docter,Meet the little voices inside your head.,dream|cartoon|imaginary friend|animation|kid,"Growing up can be a bumpy road, and it's no exception for Riley, who is uprooted from her Midwest life when her father starts a new job in San Francisco. Like all of us, Riley is guided by her emotions - Joy, Fear, Anger, Disgust and Sadness. The emotions live in Headquarters, the control center inside Riley's mind, where they help advise her through everyday life. As Riley and her emotions struggle to adjust to a new life in San Francisco, turmoil ensues in Headquarters. Although Joy, Riley's main and most important emotion, tries to keep things positive, the emotions conflict on how best to navigate a new city, house and school.",Comedy|Animation|Family,Walt Disney Pictures|Pixar Animation Studios|Walt Disney Studios Motion Pictures,8,2015
11,245000000,880674609,Spectre,Daniel Craig|Christoph Waltz|LÃ©a Seydoux|Ralph Fiennes|Monica Bellucci,http://www.sonypictures.com/movies/spectre/,Sam Mendes,A Plan No One Escapes,spy|based on novel|secret agent|sequel|james bond,"A cryptic message from Bondâ€™s past sends him on a trail to uncover a sinister organization. While M battles political forces to keep the secret service alive, Bond peels back the layers of deceit to reveal the terrible truth behind SPECTRE.",Action|Adventure|Crime,Columbia Pictures|Danjaq|B24,6.2,2015
12,176000003,183987723,Jupiter Ascending,Mila Kunis|Channing Tatum|Sean Bean|Eddie Redmayne|Douglas Booth,http://www.jupiterascending.com,Lana Wachowski|Lilly Wachowski,Expand your universe.,jupiter|space|woman director|3d|interspecies romance,"In a universe where human genetic material is the most precious commodity, an impoverished young Earth woman becomes the key to strategic maneuvers and internal strife within a powerful dynastyâ€¦",Science Fiction|Fantasy|Action|Adventure,Village Roadshow Pictures|Dune Entertainment|Anarchos Productions|Warner Bros.,5.2,2015
13,15000000,36869414,Ex Machina,Domhnall Gleeson|Alicia Vikander|Oscar Isaac|Sonoya Mizuno|Corey Johnson,http://exmachina-movie.com/,Alex Garland,There is nothing more human than the will to survive,dancing|artificial intelligence|helicopter|distrust|isolation,"Caleb, a 26 year old coder at the world's largest internet company, wins a competition to spend a week at a private mountain retreat belonging to Nathan, the reclusive CEO of the company. But when Caleb arrives at the remote location he finds that he will have to participate in a strange and fascinating experiment in which he must interact with the world's first true artificial intelligence, housed in the body of a beautiful robot girl.",Drama|Science Fiction,DNA Films|Universal Pictures International (UPI)|Film4,7.6,2015
14,88000000,243637091,Pixels,Adam Sandler|Michelle Monaghan|Peter Dinklage|Josh Gad|Kevin James,http://www.pixels-movie.com/,Chris Columbus,Game On.,video game|nerd|alien attack|3d|pixels,Video game experts are recruited by the military to fight 1980s-era video game characters who've attacked New York.,Action|Comedy|Science Fiction,Columbia Pictures|Happy Madison Productions,5.8,2015
15,280000000,1405035767,Avengers: Age of Ultron,Robert Downey Jr.|Chris Hemsworth|Mark Ruffalo|Chris Evans|Scarlett Johansson,http://marvel.com/movies/movie/193/avengers_age_of_ultron,Joss Whedon,A New Age Has Come.,marvel comic|comic|sequel|superhero|vision,"When Tony Stark tries to jumpstart a dormant peacekeeping program, things go awry and Earthâ€™s Mightiest Heroes are put to the ultimate test as the fate of the planet hangs in the balance. As the villainous Ultron emerges, it is up to The Avengers to stop him from enacting his terrible plans, and soon uneasy alliances and unexpected action pave the way for an epic and unique global adventure.",Action|Adventure|Science Fiction,Marvel Studios|Prime Focus|Revolution Sun Studios,7.4,2015
16,44000000,155760117,The Hateful Eight,Samuel L. Jackson|Kurt Russell|Jennifer Jason Leigh|Walton Goggins|DemiÃ¡n Bichir,http://thehatefuleight.com/,Quentin Tarantino,No one comes up here without a damn good reason.,bounty hunter|wyoming|mountains|hangman|voice over narration,Bounty hunters seek shelter from a raging blizzard and get caught up in a plot of betrayal and deception.,Crime|Drama|Mystery|Western,Double Feature Films|The Weinstein Company|FilmColony,7.4,2015
17,48000000,325771424,Taken 3,Liam Neeson|Forest Whitaker|Maggie Grace|Famke Janssen|Dougray Scott,http://www.taken3movie.com/,Olivier Megaton,It Ends Here,revenge|murder|on the run|fugitive|framed,"Ex-government operative Bryan Mills finds his life is shattered when he's falsely accused of a murder that hits close to home. As he's pursued by a savvy police inspector, Mills employs his particular set of skills to track the real killer and exact his unique brand of justice.",Crime|Action|Thriller,Twentieth Century Fox Film Corporation|M6 Films|Canal+|EuropaCorp|CinÃ©+,6.1,2015
18,130000000,518602163,Ant-Man,Paul Rudd|Michael Douglas|Evangeline Lilly|Corey Stoll|Bobby Cannavale,http://marvel.com/movies/movie/180/ant-man,Peyton Reed,Heroes Don't Get Any Bigger,marvel comic|superhero|aftercreditsstinger|duringcreditsstinger|marvel cinematic universe,"Armed with the astonishing ability to shrink in scale but increase in strength, con-man Scott Lang must embrace his inner-hero and help his mentor, Dr. Hank Pym, protect the secret behind his spectacular Ant-Man suit from a new generation of towering threats. Against seemingly insurmountable obstacles, Pym and Lang must plan and pull off a heist that will save the world.",Science Fiction|Action|Adventure,Marvel Studios,7,2015
19,95000000,542351353,Cinderella,Lily James|Cate Blanchett|Richard Madden|Helena Bonham Carter|Holliday Grainger,,Kenneth Branagh,Midnight is just the beginning.,cinderella|magic|fairy tale|princess|shoe,"When her father unexpectedly passes away, young Ella finds herself at the mercy of her cruel stepmother and her daughters. Never one to give up hope, Ella's fortunes begin to change after meeting a dashing stranger in the woods.",Romance|Fantasy|Family|Drama,Walt Disney Pictures|Genre Films|Beagle Pug Films|Allison Shearmur Productions,6.8,2015
20,160000000,650523427,The Hunger Games: Mockingjay - Part 2,Jennifer Lawrence|Josh Hutcherson|Liam Hemsworth|Woody Harrelson|Elizabeth Banks,http://www.thehungergames.movie/,Francis Lawrence,The fire will burn forever.,revolution|strong woman|dystopia|game of death|3d,"With the nation of Panem in a full scale war, Katniss confronts President Snow in the final showdown. Teamed with a group of her closest friends â€“ including Gale, Finnick, and Peeta â€“ Katniss goes off on a mission with the unit from District 13 as they risk their lives to stage an assassination attempt on President Snow who has become increasingly obsessed with destroying her. The mortal traps, enemies, and moral choices that await Katniss will challenge her more than any arena she faced in The Hunger Games.",War|Adventure|Science Fiction,Studio Babelsberg|StudioCanal|Lionsgate|Walt Disney Studios Motion Pictures|Color Force,6.5,2015
21,190000000,209035668,Tomorrowland,Britt Robertson|George Clooney|Raffey Cassidy|Thomas Robinson|Hugh Laurie,http://movies.disney.com/tomorrowland,Brad Bird,Imagine a world where nothing is impossible.,inventor|apocalypse|destiny|imax|dreamer,"Bound by a shared destiny, a bright, optimistic teen bursting with scientific curiosity and a former boy-genius inventor jaded by disillusionment embark on a danger-filled mission to unearth the secrets of an enigmatic place somewhere in time and space that exists in their collective memory as ""Tomorrowland.""",Action|Family|Science Fiction|Adventure|Mystery,Walt Disney Pictures|Babieka|A113,6.2,2015
22,30000000,91709827,Southpaw,Jake Gyllenhaal|Rachel McAdams|Forest Whitaker|Oona Laurence|50 Cent,,Antoine Fuqua,Believe in Hope.,sport,"Billy ""The Great"" Hope, the reigning junior middleweight boxing champion, has an impressive career, a loving wife and daughter, and a lavish lifestyle. However, when tragedy strikes, Billy hits rock bottom, losing his family, his house and his manager. He soon finds an unlikely savior in Tick Willis, a former fighter who trains the city's toughest amateur boxers. With his future on the line, Hope fights to reclaim the trust of those he loves the most.",Action|Drama,Escape Artists|Riche-Ludwig Productions,7.3,2015
23,110000000,470490832,San Andreas,Dwayne Johnson|Alexandra Daddario|Carla Gugino|Ioan Gruffudd|Archie Panjabi,http://www.sanandreasmovie.com/,Brad Peyton,"A rescue pilot survived an earthquake, this is what happens next",california|earthquake|catastrophe|disaster film|3d,"In the aftermath of a massive earthquake in California, a rescue-chopper pilot makes a dangerous journey across the state in order to rescue his estranged daughter.",Action|Drama|Thriller,New Line Cinema|Village Roadshow Pictures|Warner Bros.|Flynn Picture Company,6.1,2015
24,40000000,569651467,Fifty Shades of Grey,Dakota Johnson|Jamie Dornan|Jennifer Ehle|Eloise Mumford|Victor Rasuk,https://www.facebook.com/fiftyshadesofgreymovie,Sam Taylor-Johnson,Are you curious?,based on novel|billionaire|bdsm|woman director|erotic movie,"When college senior Anastasia Steele steps in for her sick roommate to interview prominent businessman Christian Grey for their campus paper, little does she realize the path her life will take. Christian, as enigmatic as he is rich and powerful, finds himself strangely drawn to Ana, and she to him. Though sexually inexperienced, Ana plunges headlong into an affair -- and learns that Christian's true sexual proclivities push the boundaries of pain and pleasure.",Drama|Romance,Focus Features|Trigger Street Productions|Michael De Luca Productions,5.3,2015
25,28000000,133346506,The Big Short,Christian Bale|Steve Carell|Ryan Gosling|Brad Pitt|Melissa Leo,http://www.thebigshortmovie.com/,Adam McKay,This is a true story.,bank|fraud|biography|wall street|finances,The men who made millions from a global economic meltdown.,Comedy|Drama,Paramount Pictures|Plan B Entertainment|Regency Enterprises,7.3,2015
26,150000000,682330139,Mission: Impossible - Rogue Nation,Tom Cruise|Jeremy Renner|Simon Pegg|Rebecca Ferguson|Ving Rhames,http://www.missionimpossible.com,Christopher McQuarrie,Desperate Times. Desperate Measures.,spy|sequel|mission,"Ethan and team take on their most impossible mission yet, eradicating the Syndicate - an International rogue organization as highly skilled as they are, committed to destroying the IMF.",Action,Paramount Pictures|Skydance Productions|China Movie Channel|Bad Robot|TC Productions,7.1,2015
27,68000000,215863606,Ted 2,Mark Wahlberg|Seth MacFarlane|Amanda Seyfried|Jessica Barth|Giovanni Ribisi,,Seth MacFarlane,"Ted is Coming, Again.",sperm bank|sequel|buddy|courthouse|teddy bear,"Newlywed couple Ted and Tami-Lynn want to have a baby, but in order to qualify to be a parent, Ted will have to prove he's a person in a court of law.",Comedy,Universal Pictures|Media Rights Capital|Fuzzy Door Productions,6.3,2015
28,81000000,403802136,Kingsman: The Secret Service,Taron Egerton|Colin Firth|Samuel L. Jackson|Michael Caine|Mark Strong,http://www.kingsmanmovie.com/,Matthew Vaughn,Manners maketh man.,spy|great britain|secret organization|secret agent|marvel comic,The story of a super-secret spy organization that recruits an unrefined but promising street kid into the agency's ultra-competitive training program just as a global threat emerges from a twisted tech genius.,Crime|Comedy|Action|Adventure,Twentieth Century Fox Film Corporation|Marv Films|TSG Entertainment|Cloudy Productions,7.6,2015
29,20000000,88346473,Spotlight,Mark Ruffalo|Michael Keaton|Rachel McAdams|Liev Schreiber|John Slattery,http://www.spotlightthefilm.com,Tom McCarthy,Break the story. Break the silence.,child abuse|journalism|judge|florida|boston,"The true story of how The Boston Globe uncovered the massive scandal of child molestation and cover-up within the local Catholic Archdiocese, shaking the entire Catholic Church to its core.",Drama|Thriller|History,Participant Media|Open Road Films|Anonymous Content|Rocklin / Faust|Entertainment One Features,7.8,2015
30,61000000,311256926,Maze Runner: The Scorch Trials,Dylan O'Brien|Kaya Scodelario|Thomas Brodie-Sangster|Giancarlo Esposito|Aidan Gillen,http://mazerunnermovies.com,Wes Ball,The Maze Was Just the Beginning.,based on novel|resistance|maze|post-apocalyptic|dystopia,"Thomas and his fellow Gladers face their greatest challenge yet: searching for clues about the mysterious and powerful organization known as WCKD. Their journey takes them to the Scorch, a desolate landscape filled with unimaginable obstacles. Teaming up with resistance fighters, the Gladers take on WCKDâ€™s vastly superior forces and uncover its shocking plans for them all.",Action|Science Fiction|Thriller,Gotham Group|Temple Hill Entertainment|TSG Entertainment,6.4,2015
31,0,29355203,Mr. Holmes,Ian McKellen|Milo Parker|Laura Linney|Hattie Morahan|Patrick Kennedy,http://www.mrholmesfilm.com/,Bill Condon,The man behind the myth,london|detective|sherlock holmes,"The story is set in 1947, following a long-retired Holmes living in a Sussex village with his housekeeper and rising detective son. But then he finds himself haunted by an unsolved 50-year old case. Holmes' memory isn't what it used to be, so he only remembers fragments of the case: a confrontation with an angry husband, a secret bond with his beautiful but unstable wife.",Mystery|Drama,BBC Films|See-Saw Films|FilmNation Entertainment|Archer Gray|AI-Film,6.4,2015
32,49000000,102069268,Chappie,Sharlto Copley|Dev Patel|Ninja|Yolandi Visser|Jose Pablo Cantillo,http://www.chappie-movie.com,Neill Blomkamp,I am consciousness. I am alive. I am Chappie.,artificial intelligence|android|robot|near future|robot cop,"Every child comes into the world full of promise, and none more so than Chappie: he is gifted, special, a prodigy. Like any child, Chappie will come under the influence of his surroundingsâ€”some good, some badâ€”and he will rely on his heart and soul to find his way in the world and become his own man. But there's one thing that makes Chappie different from any one else: he is a robot.",Crime|Action|Science Fiction,Columbia Pictures|Media Rights Capital|Sony Pictures Entertainment (SPE)|Alpha Core|Genre Films,6.6,2015
33,29000000,287506194,Pitch Perfect 2,Anna Kendrick|Rebel Wilson|Hailee Steinfeld|Brittany Snow|Skylar Astin,,Elizabeth Banks,We're back pitches,music|sequel|singer|male female relationship|audition,"The Bellas are back, and they are better than ever. After being humiliated in front of none other than the President of the United States of America, the Bellas are taken out of the Aca-Circuit. In order to clear their name, and regain their status, the Bellas take on a seemingly impossible task: winning an international competition no American team has ever won. In order to accomplish this monumental task, they need to strengthen the bonds of friendship and sisterhood and blow away the competition with their amazing aca-magic! With all new friends and old rivals tagging along for the trip, the Bellas can hopefully accomplish their dreams.",Comedy|Music,Universal Pictures|Gold Circle Films|Brownstone Productions,6.8,2015
34,40000000,162610473,Bridge of Spies,Tom Hanks|Mark Rylance|Amy Ryan|Alan Alda|Sebastian Koch,,Steven Spielberg,"In the shadow of war, one man showed the world what we stood for.",spy|cia|cold war|pilot|lawyer,"During the Cold War, the Soviet Union captures U.S. pilot Francis Gary Powers after shooting down his U-2 spy plane. Sentenced to 10 years in prison, Powers' only hope is New York lawyer James Donovan, recruited by a CIA operative to negotiate his release. Donovan boards a plane to Berlin, hoping to win the young man's freedom through a prisoner exchange. If all goes well, the Russians would get Rudolf Abel, the convicted spy who Donovan defended in court.",Thriller|Drama,DreamWorks SKG|Amblin Entertainment|Studio Babelsberg|Fox 2000 Pictures|Marc Platt Productions,7.1,2015
35,58000000,150170815,Goosebumps,Jack Black|Dylan Minnette|Odeya Rush|Amy Ryan|Jillian Bell,http://www.goosebumps-movie.com/,Rob Letterman,The stories are alive.,based on novel|magic|fantasy|family|3d,"A teenager teams up with the daughter of young adult horror author R.L. Stine after the writer's imaginary demons are set free on the town of Madison, Delaware.",Adventure|Horror|Comedy,Columbia Pictures|Original Film|Scholastic Entertainment,6.2,2015
36,6000000,35401758,Room,Brie Larson|Jacob Tremblay|Joan Allen|Sean Bridgers|William H. Macy,http://www.roomthemovie.com,Lenny Abrahamson,Love knows no boundaries,based on novel|carpet|isolation|imprisonment|grandparents,Jack is a young boy of 5 years old who has lived all his life in one room. He believes everything within it are the only real things in the world. But what will happen when his Ma suddenly tells him that there are other things outside of Room?,Drama|Thriller,Element Pictures|No Trace Camping|A24|Duperele Films,8,2015
37,0,22354572,Solace,Abbie Cornish|Jeffrey Dean Morgan|Colin Farrell|Anthony Hopkins|Marley Shelton,,Afonso Poyart,"A serial killer who can see your future, a psychic who can save it",thriller|serial killer|psychic|fbi agent|intrigue,"A psychic doctor, John Clancy, works with an FBI special agent in search of a serial killer. After having lived in isolation for two years, since the death of his daughter, Clancy is asked by his friend Joe, an FBI special agent to help him solve several murders committed by a serial killer.",Crime|Drama|Mystery,Eden Rock Media|FilmNation Entertainment|Flynn Picture Company,6.2,2015
38,175000000,331926147,The Good Dinosaur,Raymond Ochoa|Jack Bright|Jeffrey Wright|Frances McDormand|Maleah Nipay-Padilla,http://movies.disney.com/the-good-dinosaur,Peter Sohn,Little Arms With Big Attitude,tyrannosaurus rex|friends|animation|alternate history|dinosaur,An epic journey into the world of dinosaurs where an Apatosaurus named Arlo makes an unlikely human friend.,Adventure|Animation|Comedy|Family|Fantasy,Walt Disney Pictures|Pixar Animation Studios|Buena Vista,6.6,2015
39,50000000,71561644,Run All Night,Liam Neeson|Ed Harris|Joel Kinnaman|Boyd Holbrook|Bruce McGill,,Jaume Collet-Serra,No sin goes unpunished,hitman|revenge|murder|on the run|mobster,"Brooklyn mobster and prolific hit man Jimmy Conlon has seen better days. Longtime best friend of a mob boss, Jimmy is haunted by the sins of his pastâ€”as well as a dogged police detective whoâ€™s been one step behind Jimmy for 30 years. But when Jimmyâ€™s estranged son becomes a target, Jimmy must make a choice between the crime family he chose and the real family he abandoned long ago. Now, with nowhere safe to turn, Jimmy has just one night to figure out exactly where his loyalties lie and to see if he can finally make things right.",Action|Crime|Drama|Mystery|Thriller,Vertigo Entertainment|Energy Entertainment|RatPac-Dune Entertainment,6.3,2015
40,11000000,62076141,Brooklyn,Saoirse Ronan|Domhnall Gleeson|Emory Cohen|Emily Bett Rickards|Eileen O'Higgins,http://www.foxsearchlight.com/brooklyn/,John Crowley,"Two countries, two loves, one heart",love triangle|based on novel|homesickness|vororte|ship,"In 1950s Ireland and New York, young Ellis Lacey has to choose between two men and two countries.",Drama|Romance,Wildgaze Films|Irish Film Board|Item 7|Parallel Film Productions,7.3,2015
41,28000000,201634991,Straight Outta Compton,O'Shea Jackson Jr.|Corey Hawkins|Jason Mitchell|Neil Brown Jr.|Aldis Hodge,http://www.straightouttacompton.com/,F. Gary Gray,The Story of N.W.A.,brother brother relationship|aids|police brutality|hip-hop|wife husband relationship,"In 1987, five young men, using brutally honest rhymes and hardcore beats, put their frustration and anger about life in the most dangerous place in America into the most powerful weapon they had: their music.  Taking us back to where it all began, Straight Outta Compton tells the true story of how these cultural rebelsâ€”armed only with their lyrics, swagger, bravado and raw talentâ€”stood up to the authorities that meant to keep them down and formed the worldâ€™s most dangerous group, N.W.A.  And as they spoke the truth that no one had before and exposed life in the hood, their voice ignited a social revolution that is still reverberating today.",Drama|Music,New Line Cinema|Universal Pictures|Legendary Pictures|Cube Vision|Broken Chair Flickz,7.7,2015
42,90000000,140396650,The Last Witch Hunter,Vin Diesel|Rose Leslie|Michael Caine|Elijah Wood|Ã“lafur Darri Ã“lafsson,http://www.thelastwitchhunter.movie/,Breck Eisner,Hunt forever.,new york|witch|uprising|witch hunter,"The modern world holds many secrets, but by far the most astounding is that witches still live among us; vicious supernatural creatures intent on unleashing the Black Death upon the world and putting an end to the human race once and for all. Armies of witch hunters have battled this unnatural enemy for centuries, including Kaulder, a valiant warrior who many years ago slayed the all-powerful Witch Queen, decimating her followers in the process. In the moments right before her death, the Queen cursed Kaulder with immortality, forever separating him from his beloved wife and daughter. Today, Kaulder is the last living hunter who has spent his immortal life tracking down rogue witches, all the while yearning for his long-lost family.",Fantasy|Action|Adventure,Summit Entertainment|Atmosphere Entertainment MM|One Race Films|Goldmann Pictures|NeoReel,5.6,2015
43,30000000,34441873,Steve Jobs,Michael Fassbender|Kate Winslet|Seth Rogen|Katherine Waterston|Jeff Daniels,http://www.stevejobsthefilm.com,Danny Boyle,,biography|computer|based on true story|father daughter relationship|apple computer,"Set backstage at three iconic product launches and ending in 1998 with the unveiling of the iMac, Steve Jobs takes us behind the scenes of the digital revolution to paint an intimate portrait of the brilliant man at its epicenter.",History|Drama,Universal Pictures|Scott Rudin Productions|Legendary Pictures|The Mark Gordon Company|Management 360,6.9,2015
44,75000000,108145109,The Man from U.N.C.L.E.,Henry Cavill|Armie Hammer|Alicia Vikander|Elizabeth Debicki|Luca Calvani,,Guy Ritchie,Saving the world never goes out of style.,spy|cold war|remake|based on tv series|buddy cop,"At the height of the Cold War, a mysterious criminal organization plans to use nuclear weapons and technology to upset the fragile balance of power between the United States and Soviet Union. CIA agent Napoleon Solo and KGB agent Illya Kuryakin are forced to put aside their hostilities and work together to stop the evildoers in their tracks. The duo's only lead is the daughter of a missing German scientist, whom they must find soon to prevent a global catastrophe.",Comedy|Action|Adventure,Davis Entertainment|Warner Bros.|Wigram Productions|RatPac-Dune Entertainment,7,2015
45,25000000,42629776,The Age of Adaline,Blake Lively|Michiel Huisman|Harrison Ford|Ellen Burstyn|Kathy Baker,http://theageofadalinemovie.com,Lee Toland Krieger,Love is timeless.,san francisco|immortality|love|forever,"After 29-year-old Adaline recovers from a nearly lethal accident, she inexplicably stops growing older. As the years stretch on and on, Adaline keeps her secret to herself  until she meets a man who changes her life.",Fantasy|Drama|Romance,Lakeshore Entertainment|Sidney Kimmel Entertainment|Sierra/Affinity,7.3,2015
46,10000000,14333790,Hardcore Henry,Sharlto Copley|Haley Bennett|Danila Kozlovskiy|Tim Roth|Andrei Dementiev,http://stxmovies.com/hardcorehenry/,Ilya Naishuller,First they made him dangerous. Then they made him mad.,female nudity|cyborg|nudity|murder|gore,"Henry, a newly resurrected cyborg who must save his wife/creator from the clutches of a psychotic tyrant with telekinetic powers, AKAN, and his army of mercenaries. Fighting alongside Henry is Jimmy, who is Henry's only hope to make it through the day. Hardcore takes place over the course of one day, in Moscow, Russia.",Action|Adventure|Science Fiction,Bazelevs Production|Versus Pictures,5.9,2015
47,135000000,368871007,Home,Jim Parsons|Rihanna|Steve Martin|Jennifer Lopez|Matt Jones,http://www.meettheboov.com/,Tim Johnson,Worlds Collide,friendship|spaceship|space|alien|alien invasion,"When Earth is taken over by the overly-confident Boov, an alien race in search of a new place to call home, all humans are promptly relocated, while all Boov get busy reorganizing the planet. But when one resourceful girl, Tip (Rihanna), manages to avoid capture, she finds herself the accidental accomplice of a banished Boov named Oh (Jim Parsons). The two fugitives realize thereâ€™s a lot more at stake than intergalactic relations as they embark on the road trip of a lifetime.",Fantasy|Comedy|Animation|Science Fiction|Family,Twentieth Century Fox Film Corporation|DreamWorks Animation,6.9,2015
48,12000000,85512300,Paper Towns,Nat Wolff|Cara Delevingne|Halston Sage|Justice Smith|Austin Abrams,,Jake Schreier,Get Lost. Get Found.,friendship|high school|teen|classmate|based on young adult book,"Quentin Jacobsen has spent a lifetime loving the magnificently adventurous Margo Roth Spiegelman from afar. So when she cracks open a window and climbs back into his life-dressed like a ninja and summoning him for an ingenious campaign of revenge-he follows. After their all-nighter ends and a new day breaks, Q arrives at school to discover that Margo, always an enigma, has now become a mystery. But Q soon learns that there are clues-and they're for him. Urged down a disconnected path, the closer he gets, the less Q sees of the girl he thought he knew.",Drama|Mystery|Romance,Fox 2000 Pictures,6.2,2015
49,30000000,0,Wild Card,Jason Statham|Michael Angarano|Milo Ventimiglia|Dominik GarcÃ­a-Lorido|Anne Heche,,Simon West,Never bet against a man with a killer hand.,gambling|bodyguard|remake,"When a Las Vegas bodyguard with lethal skills and a gambling problem gets in trouble with the mob, he has one last playâ€¦ and it's all or nothing.",Thriller|Crime|Drama,Current Entertainment|Lionsgate|Sierra / Affinity|SJ Heat Productions|Silver State Production Services,5.3,2015
50,4000000,9064511,The Lobster,Colin Farrell|Rachel Weisz|LÃ©a Seydoux|John C. Reilly|Ben Whishaw,http://tickets.picturehouseentertainment.co.uk/gb/the-lobster/,Yorgos Lanthimos,An unconventional love story...,dystopia,"In a dystopian near future, single people, according to the laws of The City, are taken to The Hotel, where they are obliged to find a romantic partner in forty-five days or are transformed into beasts and sent off into The Woods.",Thriller|Comedy|Drama|Romance|Science Fiction,Haut et Court|Eurimages|Lemming Film|Element Pictures|Nederlands Fonds voor de Film,6.6,2015
51,11800000,40272135,Carol,Cate Blanchett|Rooney Mara|Kyle Chandler|Sarah Paulson|Jake Lacy,http://carolfilm.com/,Todd Haynes,Some people change your life forever.,gay|new york|female nudity|chicago|sex,"In 1950s New York, a department-store clerk who dreams of a better life falls for an older, married woman.",Romance|Drama,Killer Films|Film4|Number 9 Films,7.1,2015
52,35000000,194564672,The Intern,Robert De Niro|Anne Hathaway|Rene Russo|Anders Holm|JoJo Kushner,http://www.theinternmovie.com/,Nancy Meyers,Experience never gets old,intern|woman director,"70-year-old widower Ben Whittaker has discovered that retirement isn't all it's cracked up to be. Seizing an opportunity to get back in the game, he becomes a senior intern at an online fashion site, founded and run by Jules Ostin.",Comedy,Waverly Films|Warner Bros.,7.1,2015
53,55000000,203427584,Everest,Jason Clarke|Jake Gyllenhaal|Josh Brolin|John Hawkes|Sam Worthington,http://www.everestmovie.com/,Baltasar KormÃ¡kur,The Storm Awaits.,mountains|snow storm|hiking|snow|death,"Inspired by the incredible events surrounding a treacherous attempt to reach the summit of the world's highest mountain, ""Everest"" documents the awe-inspiring journey of two different expeditions challenged beyond their limits by one of the fiercest snowstorms ever encountered by mankind. Their mettle tested by the harshest of elements found on the planet, the climbers will face nearly impossible obstacles as a lifelong obsession becomes a breathtaking struggle for survival.",Adventure|Drama,Universal Pictures|Working Title Films|Walden Media|Cross Creek Pictures|Free State Pictures,6.7,2015
54,60000000,101134059,Joy,Jennifer Lawrence|Bradley Cooper|Robert De Niro|Dascha Polanco|Edgar RamÃ­rez,http://www.foxmovies.com/movies/joy,David O. Russell,,biography,A story based on the life of a struggling Long Island single mom who became one of the country's most successful entrepreneurs.,Comedy|Drama,Fox 2000 Pictures|Davis Entertainment|Annapurna Pictures|TSG Entertainment,6.4,2015
55,105000000,133718711,Point Break,Edgar RamÃ­rez|Luke Bracey|Teresa Palmer|Delroy Lindo|Ray Winstone,https://www.facebook.com/PointBreakMovie,Ericson Core,The only law that matters is gravity,undercover|undercover agent|extreme sports|fbi agent|3d,"A young undercover FBI agent infiltrates a gang of thieves who share a common interest in extreme sports. A remake of the 1991 film, ""Point Break"".",Action|Crime|Thriller,Studio Babelsberg|Alcon Entertainment|DMG Entertainment|Ehman Productions,5.5,2015
56,20000000,36606743,Burnt,Bradley Cooper|Sienna Miller|Lily James|Alicia Vikander|Uma Thurman,http://burntmovie.com/,John Wells,Never underestimate a man with everything to lose.,london|cook|restaurant|diva|career,"Adam Jones is a Chef who destroyed his career with drugs and diva behavior. He cleans up and returns to London, determined to redeem himself by spearheading a top restaurant that can gain three Michelin stars.",Drama,Double Feature Films|PeaPie Films|3 Arts Entertainment,6.3,2015
57,26000000,30523226,Self/less,Ryan Reynolds|Ben Kingsley|Natalie Martinez|Matthew Goode|Michelle Dockery,http://selflessmovie.tumblr.com/,Tarsem Singh,God Created Man. Man Created Immortality.,lie|immortality|terminal illness|laboratory|cancer,An extremely wealthy elderly man dying from cancer undergoes a radical medical procedure that transfers his consciousness to the body of a healthy young man but everything may not be as good as it seems when he starts to uncover the mystery of the body's origins and the secret organization that will kill to keep its secrets.,Science Fiction|Mystery|Thriller,Endgame Entertainment|Ram Bergman Productions,6.2,2015
58,60000000,30418560,Mortdecai,Johnny Depp|Gwyneth Paltrow|Ewan McGregor|Paul Bettany|Olivia Munn,http://mortdecaithemovie.com/,David Koepp,Sophistication Has a Name.,based on novel|painting|debt|art dealer|stolen painting,"Art dealer, Charles Mortdecai, searches for a stolen painting rumored to contain a secret code that gains access to hidden Nazi gold.",Comedy|Adventure,Lionsgate|Mad Chance|OddLot Entertainment|Huayi Brothers Media,5.3,2015
59,15000000,64191523,The Danish Girl,Eddie Redmayne|Alicia Vikander|Matthias Schoenaerts|Amber Heard|Ben Whishaw,,Tom Hooper,Find the courage to be yourself.,paris|denmark|copenhagen|artist|art,"When Gerda Wegener asks her husband Einar to fill in as a portrait model, Einar discovers the person she's meant to be and begins living her life as Lili Elbe. Having realized her true self and with Gerda's love and support, Lili embarks on a groundbreaking journey as a transgender pioneer.",Drama,Pretty Pictures|Working Title Films|ArtÃ©mis Productions|Le Tax Shelter du Gouvernement FÃ©dÃ©ral de Belgique|Taxshelter. be,7.3,2015
60,70000000,17752940,Blackhat,Chris Hemsworth|Leehom Wang|Tang Wei|Viola Davis|Holt McCallany,http://www.legendary.com/film/blackhat/,Michael Mann,We are no longer in control.,terrorist|technology|anti hero|hacker|computer virus,A man is released from prison to help American and Chinese authorities pursue a mysterious cyber criminal. The dangerous search leads them from Chicago to Hong Kong.,Mystery|Crime|Action|Thriller|Drama,Universal Pictures|Forward Pass|Legendary Pictures,5,2015
61,30000000,84025816,Sicario,Emily Blunt|Benicio del Toro|Josh Brolin|Victor Garber|Jon Bernthal,,Denis Villeneuve,The border is just another line to cross.,mexico|cia|smoking|texas|fbi,"A young female FBI agent joins a secret CIA operation to take down a Mexican cartel boss, a job that ends up pushing her ethical and moral values to the limit.",Action|Crime|Drama|Mystery|Thriller,Lionsgate|Thunder Road Pictures|Black Label Media,7.1,2015
62,120000001,167977596,Fantastic Four,Miles Teller|Kate Mara|Michael B. Jordan|Jamie Bell|Toby Kebbell,http://www.fantasticfourmovie.com/,Josh Trank,Change is coming.,teleportation|transformation|telekinesis|portal|marvel comic,"Four young outsiders teleport to a dangerous universe, which alters their physical form in shocking ways. Their lives irrevocably upended, the team must learn to harness their daunting new abilities and work together to save Earth from a former friend turned enemy.",Action|Adventure|Science Fiction,Twentieth Century Fox Film Corporation|Marv Films|Marvel Entertainment|Constantin Film.|Moving Picture Company (MPC),4.4,2015
63,3500000,40423945,The Witch,Anya Taylor-Joy|Ralph Ineson|Kate Dickie|Harvey Scrimshaw|Ellie Grainger,http://a24films.com/films/witch/,Robert Eggers,Evil takes many forms.,witch|new england|17th century,"New England in the 1630s: William and Katherine lead a devout Christian life with five children, homesteading on the edge of an impassable wilderness. When their newborn son vanishes and crops fail, the family turns on one another. Beyond their worst fears, a supernatural evil lurks in the nearby wood.",Mystery|Horror,Parts and Labor|RT Features|Rooks Nest Entertainment|Maiden Voyage Pictures|Pulse Films,5.8,2015
64,65000000,235666219,Spy,Melissa McCarthy|Jason Statham|Rose Byrne|Miranda Hart|Bobby Cannavale,http://www.foxmovies.com/movies/spy,Paul Feig,One of the guys. One of the Spies.,spy|cia|undercover|arms dealer|disaster,"A desk-bound CIA analyst volunteers to go undercover to infiltrate the world of a deadly arms dealer, and prevent diabolical global disaster.",Action|Comedy|Crime,Twentieth Century Fox Film Corporation|Chernin Entertainment|Feigco Entertainment,6.9,2015
65,50100000,153962963,Focus,Will Smith|Margot Robbie|Rodrigo Santoro|Robert Taylor|Gerald McRaney,http://focusmovie.com/,Glenn Ficarra|John Requa,Never Drop The Con.,seduction|con man|femme fatale|deception|con artist,"A veteran grifter takes a young, attractive woman under his wing, but things get complicated when they become romantically involved.",Romance|Comedy|Crime|Drama,Kramer & Sigman Films|RatPac-Dune Entertainment|Zaftig Films,6.7,2015
66,35000000,82347656,Hitman: Agent 47,Rupert Friend|Zachary Quinto|Hannah Ware|Emilio Rivera|Rolf Kanies,http://www.foxmovies.com/movies/hitman-agent-47,Aleksander Bach,Your Number is Up.,assassin|secret identity|intelligence|hitman|execution,An assassin teams up with a woman to help her find her father and uncover the mysteries of her ancestry.,Action|Crime|Thriller,Twentieth Century Fox Film Corporation|Fox International Productions|Infinite Frameworks Studios|TSG Entertainment,5.5,2015
67,100000000,93820758,In the Heart of the Sea,Chris Hemsworth|Benjamin Walker|Cillian Murphy|Brendan Gleeson|Ben Whishaw,http://www.intheheartoftheseamovie.com/,Ron Howard,Based on the incredible true story that inspired Moby Dick,suicide|ocean|sea|hunger|shipwreck,"In the winter of 1820, the New England whaling ship Essex was assaulted by something no one could believe: a whale of mammoth size and will, and an almost human sense of vengeance.  The real-life maritime disaster would inspire Herman Melvilleâ€™s Moby Dick.Â  But that told only half the story.Â  â€œHeart of the Seaâ€ reveals the encounterâ€™s harrowing aftermath, as the shipâ€™s surviving crew is pushed to their limits and forced to do the unthinkable to stay alive.Â  Braving storms, starvation, panic and despair, the men will call into question their deepest beliefs, from the value of their lives to the morality of their trade, as their captain searches for direction on the open sea and his first mate still seeks to bring the great whale down.",Thriller|Drama|Adventure|Action|History,Imagine Entertainment|Spring Creek Productions|Warner Bros.|Roth Films|K. JAM Media,6.4,2015
68,20000000,0,Survivor,Pierce Brosnan|Milla Jovovich|Dylan McDermott|Angela Bassett|Robert Forster,http://survivormovie.com/,James McTeigue,His Next Target is Now Hunting Him,new year's eve|fire|showdown|terrorist|embassy,"A Foreign Service Officer in London tries to prevent a terrorist attack set to hit New York, but is forced to go on the run when she is framed for crimes she did not commit.",Crime|Thriller|Action,Nu Image Films|Winkler Films|Millennium Films|Survivor Productions,5.4,2015
69,35000000,137935567,Creed,Michael B. Jordan|Sylvester Stallone|Graham McTavish|Tessa Thompson|Phylicia RashÄd,http://creedthemovie.com/,Ryan Coogler,Your legacy is more than a name,underdog|sport|spin off|underground fighting|motivational speaker,"The former World Heavyweight Champion Rocky Balboa serves as a trainer and mentor to Adonis Johnson, the son of his late friend and former rival Apollo Creed.",Drama,New Line Cinema|Warner Bros.|Metro-Goldwyn-Mayer (MGM)|Chartoff-Winkler Productions,7.3,2015
70,35000000,140795793,Trainwreck,Amy Schumer|Bill Hader|Brie Larson|Colin Quinn|Vanessa Bayer,,Judd Apatow,We All Know One.,alcohol|one-night stand,"Having thought that monogamy was never possible, a commitment-phobic career woman may have to face her fears when she meets a good guy.",Comedy,Universal Pictures|Fuji Television Network|Dentsu|Apatow Productions,6.1,2015
71,13000000,32848185,Eye in the Sky,Helen Mirren|Aaron Paul|Alan Rickman|Iain Glen|Barkhad Abdi,,Gavin Hood,Welcome to the new front line,terrorist|drone|u.s. military|air force base|combat drone,A military officer in command of a drone operation to capture terrorists in Kenya sees her mission escalate from â€œcaptureâ€ to â€œkillâ€ just as a nine-year old girl enters the kill zone.,Drama|Thriller|War,Entertainment One|Moonlighting Films|Raindog Films,7.2,2015
72,25000000,42972994,Legend,Tom Hardy|Emily Browning|Christopher Eccleston|David Thewlis|Taron Egerton,https://www.uphe.com/movies/legend-2015,Brian Helgeland,"Love, fight, live, rule like a legend.",biography|based on true story|gangster|twins,"Suave, charming and volatile, Reggie Kray and his unstable twin brother Ronnie start to leave their mark on the London underworld in the 1960s. Using violence to get what they want, the siblings orchestrate robberies and murders while running nightclubs and protection rackets. With police Detective Leonard ""Nipper"" Read hot on their heels, the brothers continue their rapid rise to power and achieve tabloid notoriety.",Crime|Thriller,Working Title Films|Cross Creek Pictures|Anton Capital Entertainment (ACE),6.7,2015
73,0,45895,Beyond the Reach,Michael Douglas|Jeremy Irvine|Hanna Mangan Lawrence|Ronny Cox|Martin Palmer,,Jean-Baptiste LÃ©onetti,,desert|hunting,A high-rolling corporate shark and his impoverished young guide play the most dangerous game during a hunting trip in the Mojave Desert.,Thriller,Furthur Films,5.5,2015
74,150000000,128388320,Pan,Levi Miller|Garrett Hedlund|Hugh Jackman|Rooney Mara|Amanda Seyfried,,Joe Wright,Every legend has a beginning.,flying|magic|fairy tale|peter pan|mermaid,"Living a bleak existence at a London orphanage, 12-year-old Peter finds himself whisked away to the fantastical world of Neverland. Adventure awaits as he meets new friend James Hook and the warrior Tiger Lily. They must band together to save Neverland from the ruthless pirate Blackbeard. Along the way, the rebellious and mischievous boy discovers his true destiny, becoming the hero forever known as Peter Pan.",Adventure|Family|Fantasy,Warner Bros.|Moving Picture Company (MPC)|Berlanti Productions|RatPac-Dune Entertainment,5.9,2015
75,0,0,Mythica: The Darkspore,Melanie Stone|Kevin Sorbo|Adam Johnson|Jake Stormoen|Rocky Myers,http://www.mythicamovie.com/#!blank/wufvh,Anne K. Black,,sword|magic|sorcery|necromancer|woman director,"When Teelaâ€™s sister is murdered and a powerful relic stolen, Marek and her friends face a sinister new enemy â€“ Kishkumen, a foreign mystic bent on reclaiming the Darkspore for his master Szorlok. Armed with twin maps, Marek and her team race Kishkumen and his horde through creature-infested lands, to a long abandoned underground city â€“ all the while pursued by bounty hunters intent on returning Marek to slavery.",Action|Adventure|Fantasy,Arrowstorm Entertainment,5.1,2015
76,0,0,Me and Earl and the Dying Girl,Thomas Mann|RJ Cyler|Olivia Cooke|Connie Britton|Nick Offerman,http://www.foxsearchlight.com/meandearlandthedyinggirl/,Alfonso Gomez-Rejon,A Little Friendship Never Killed Anyone.,tattoo|high school|leukemia|friends|parody,"Greg is coasting through senior year of high school as anonymously as possible, avoiding social interactions like the plague while secretly making spirited, bizarre films with Earl, his only friend. But both his anonymity and friendship threaten to unravel when his mother forces him to befriend a classmate with leukemia.",Comedy|Drama,Indian Paintbrush,7.7,2015
77,99000000,246233113,The Peanuts Movie,Noah Schnapp|Bill Melendez|Venus Schultheis|Hadley Belle Miller|Madisyn Shipman,http://www.peanutsmovie.com/,Steve Martino,The story of an underdog. And his dog.,based on comic strip|family|3d|charlie brown|snoopy,"Snoopy embarks upon his greatest mission as he and his team take to the skies to pursue their arch-nemesis, while his best pal Charlie Brown begins his own epic quest back home.",Adventure|Animation|Comedy|Family,Blue Sky Studios|Twentieth Century Fox Animation|Feigco Entertainment,6.4,2015
78,35000000,48623572,Concussion,Will Smith|Bitsie Tulloch|Gugu Mbatha-Raw|Alec Baldwin|Matthew Willig,http://www.sonypictures.com/movies/concussion/,Peter Landesman,Even Legends Need a Hero,american football|biography|professional sports|sports injury|nfl,"A dramatic thriller based on the incredible true David vs. Goliath story of American immigrant Dr. Bennet Omalu, the brilliant forensic neuropathologist who made the first discovery of CTE, a football-related brain trauma, in a pro player and fought for the truth to be known. Omalu's emotional quest puts him at dangerous odds with one of the most powerful institutions in the world.",Drama,Village Roadshow Pictures|Scott Free Productions|LStar Capital|The Cantillon Company|The Shuman Company,6.9,2015
79,25000000,52395996,The Night Before,Joseph Gordon-Levitt|Seth Rogen|Anthony Mackie|Lizzy Caplan|Jillian Bell,https://www.facebook.com/NightBeforeMovie,Jonathan Levine,"Their past, present and future. All in one night.",male friendship|new york city|drug|christmas eve|childhood friend,"In New York City for their annual tradition of Christmas Eve debauchery, three lifelong best friends set out to find the Holy Grail of Christmas parties since their yearly reunion might be coming to an end.",Comedy,Sony Pictures|Point Grey Pictures|Good Universe,6.1,2015
80,2500000,5214043,Knock Knock,Keanu Reeves|Lorenza Izzo|Ana de Armas|Aaron Burns|Colleen Camp,http://knockknockmovie.tumblr.com/,Eli Roth,One night can cost you everything.,female nudity|sex|disc jockey|infidelity|rain,"When a devoted husband and father is left home alone for the weekend, two stranded young women unexpectedly knock on his door for help. What starts out as a kind gesture results in a dangerous seduction and a deadly game of cat and mouse.",Drama|Horror|Thriller,Universum Film (UFA)|Dragonfly Entertainment|Black Bear Pictures|Square One Entertainment|Sobras International Pictures,4.8,2015
81,34000000,63013281,The Longest Ride,Scott Eastwood|Britt Robertson|Lolita Davidovich|Melissa Benoist|Jack Huston,,"George Tillman, Jr.",Two couples. Two love stories. One epic tale.,based on novel|art student|cowboys|injury|bull riding,The lives of a young couple intertwine with a much older man as he reflects back on a lost love while he's trapped in an automobile crash.,Romance|Drama,Fox 2000 Pictures|Temple Hill Entertainment,7.3,2015
82,80000000,466183544,Hotel Transylvania 2,Adam Sandler|Andy Samberg|Selena Gomez|Kevin James|Steve Buscemi,,Genndy Tartakovsky,They're back to raise a little terror,transylvania|hotel|witch|technology|magic,"When the old-old-old-fashioned vampire Vlad arrives at the hotel for an impromptu family get-together, Hotel Transylvania is in for a collision of supernatural old-school and modern day cool.",Animation|Comedy|Family,Columbia Pictures|Sony Pictures Animation,6.8,2015
83,17000000,24000000,Love the Coopers,Steve Martin|Diane Keaton|John Goodman|Alan Arkin|Olivia Wilde,http://www.cbsfilms.com/love-the-coopers/,Jessie Nelson,"Christmas means comfort, joy and chaos.",big family|family relationships|family|woman director|christmas,"When four generations of the Cooper clan come together for their annual Christmas Eve celebration, a series of unexpected visitors and unlikely events turn the night upside down, leading them all toward a surprising rediscovery of family bonds and the spirit of the holiday.",Family|Comedy,Imagine Entertainment|Groundswell Productions|CBS Films,5.3,2015
84,35000000,61181942,The Walk,Joseph Gordon-Levitt|Ben Kingsley|Charlotte Le Bon|Ben Schwartz|James Badge Dale,http://www.sonypictures.com/movies/thewalk/,Robert Zemeckis,Dream High.,1970s|skyscraper|based on true story|tightrope|planning,The story of French high-wire artist Philippe Petit's attempt to cross the Twin Towers of the World Trade Center in 1974.,Adventure|Drama|Thriller,TriStar Pictures|Sony Pictures Entertainment|ImageMovers,6.8,2015
85,11000000,1863315,Tracers,Marie Avgeropoulos|Taylor Lautner|Adam Rayner|Rafi Gavron|Sam Medina,http://www.unlimited-movie.com/,Daniel Benmayor,It's not a crime if they can't catch you.,chinese mafia|parkour|new york city|loan shark|young adult,"Wanted by the mafia, a New York City bike messenger escapes into the world of parkour after meeting a beautiful stranger.",Action|Crime|Drama,Temple Hill Entertainment|Senator Film|Freerunning|Melbarken|Saban Films,5.9,2015
86,31000000,104384188,Vacation,Ed Helms|Christina Applegate|Skyler Gisondo|Steele Stebbins|Chris Hemsworth,,John Francis Daley|Jonathan M. Goldstein,What could go wrong?,route 66|grand canyon|cow|vacation|road trip,"Hoping to bring his family closer together and to recreate his childhood vacation for his own kids, a grown up Rusty Griswold takes his wife and their two sons on a cross-country road trip to the coolest theme park in America, Walley World. Needless to say, things don't go quite as planned.",Adventure|Comedy,New Line Cinema|BenderSpink|David Dobkin Productions,6.1,2015
87,35000000,95437994,Poltergeist,Sam Rockwell|Rosemarie DeWitt|Saxon Sharbino|Kyle Catlett|Kennedi Clements,,Gil Kenan,They're Here. And They Know What Scares You.,poltergeist|haunted house|remake|duringcreditsstinger,"Legendary filmmaker Sam Raimi and director Gil Kenan reimagine and contemporize the classic tale about a family whose suburban home is invaded by angry spirits. When the terrifying apparitions escalate their attacks and take the youngest daughter, the family must come together to rescue her.",Horror|Thriller,Ghost House Pictures|Vertigo Entertainment|Metro-Goldwyn-Mayer (MGM)|TSG Entertainment,5,2015
88,4000000,187112,Maggie,Arnold Schwarzenegger|Abigail Breslin|Joely Richardson|Laura Cayouette|J.D. Evermore,http://www.maggiethefilm.com/,Henry Hobson,Don't Get Bitten,post-apocalyptic|dystopia|zombies,"There's a deadly zombie epidemic threatening humanity, but Wade, a small-town farmer and family man, refuses to accept defeat even when his daughter Maggie becomes infected. As Maggie's condition worsens and the authorities seek to eradicate those with the virus, Wade is pushed to the limits in an effort to protect her. Joely Richardson co-stars in this post-apocalyptic thriller.",Horror,Lionsgate|Grindstone Entertainment Group|Silver Reel|Sly Predator|Matt Baer Films,5.1,2015
89,0,2000000,Equals,Kristen Stewart|Nicholas Hoult|Guy Pearce|Jacki Weaver|Bel Powley,http://equals-the-movie.com/,Drake Doremus,Find your equal.,illustrator|sex scene|near future|infected|emotions,A futuristic love story set in a world where emotions have been eradicated.,Drama|Romance|Science Fiction,Scott Free Productions|Infinite Frameworks Studios|Freedom Media|Route One Entertainment,5.6,2015
90,50000000,3324330,Child 44,Tom Hardy|Gary Oldman|Noomi Rapace|Joel Kinnaman|Paddy Considine,,Daniel Espinosa,How do you find a killer who doesnâ€™t exist?,murder|serial killer|military|chili|soviet union,"Set in Stalin-era Soviet Union, a disgraced MGB agent is dispatched to investigate a series of child murders -- a case that begins to connect with the very top of party leadership.",Crime|Thriller,Summit Entertainment|Scott Free Productions|Worldview Entertainment,5.9,2015
91,5000000,58978653,The Gift,Jason Bateman|Rebecca Hall|Joel Edgerton|David Denman|Beau Knapp,https://www.facebook.com/GIFTmovie,Joel Edgerton,Not every gift is welcome.,detective|stalker|gift|bully|psychological thriller,"A husband and wife try to reinvigorate their relationship but their lives are threatened by a ""friend"" from the husband's past who holds a horrifying secret about him, sending their world into a tailspin.",Thriller|Mystery,Blumhouse Productions|Blue-Tongue Films|STX Entertainment|Ahimsa Films,6.6,2015
92,50000000,240360392,Daddy's Home,Will Ferrell|Mark Wahlberg|Linda Cardellini|Thomas Haden Church|Hannibal Buress,http://daddyshomemovie.tumblr.com/,Sean Anders,Choose your Daddy,daddys home,"The story of a mild-mannered radio executive (Ferrell) who strives to become the best stepdad ever to his wife's two children, but complications ensue when their freewheeling, freeloading real father arrives, forcing stepdad to compete for the affection of the kids.",Comedy,Paramount Pictures|Gary Sanchez Productions|Good Universe|Red Granite Pictures,5.7,2015
93,0,0,Mythica: The Necromancer,Melanie Stone|Adam Johnson|Kevin Sorbo|Nicola Posener|Jake Stormoen,http://www.mythicamovie.com/#!blank/y9ake,A. Todd Smith,,sword|magic|sorcery|necromancer,Mallister takes Thane prisoner and forces Marek and her team on a quest.  Marek tracks down the Necromancer for a final showdown for the Darkspore.,Fantasy|Action|Adventure,Arrowstorm Entertainment|Camera 40 Productions|Bellpond Films,5.4,2015
94,10000000,0,Vice,Ambyr Childers|Thomas Jane|Bryan Greenberg|Bruce Willis|Johnathon Schaech,,Brian A Miller,Where the future is your past.,artificial intelligence|android|self-awareness|mercenary|virtual reality,"Julian Michaels has designed the ultimate resort: VICE, where anything goes and the customers can play out their wildest fantasies with artificial inhabitants who look, think and feel like humans. When an artificial becomes self-aware and escapes, she finds herself caught in the crossfire between Julian's mercenaries and a cop who is hell-bent on shutting down Vice, and stopping the violence once and for all.",Thriller|Science Fiction|Action|Adventure,Grindstone Entertainment Group|K5 International|Emmett/Furla Films|Aperture Entertainment,4.1,2015
95,64000000,97571250,The Little Prince,Jeff Bridges|Rachel McAdams|Paul Rudd|Marion Cotillard|James Franco,http://www.thelittleprincemovie.com/,Mark Osborne,Growing up isn't the problem... forgetting is.,philosophy|utopia|airplane|adventure|dystopia,"Based on the best-seller book 'The Little Prince', the movie tells the story of a little girl that lives with resignation in a world where efficiency and work are the only dogmas. Everything will change when accidentally she discovers her neighbor that will tell her about the story of the Little Prince that he once met.",Adventure|Animation|Fantasy,Onyx Films|Orange Studios|CityMation|On Entertainment|Zippcast Films,7.5,2015
96,0,233755553,Alvin and the Chipmunks: The Road Chip,Jason Lee|Justin Long|Bella Thorne|Matthew Gray Gubler|Jesse McCartney,http://www.foxmovies.com/movies/alvin-and-the-chipmunks-the-road-chip,Walt Becker,Fast & furry-ous,chipmunk|cgi|talking animal|aftercreditsstinger|duringcreditsstinger,"Through a series of misunderstandings, Alvin, Simon and Theodore come to believe that Dave is going to propose to his new girlfriend in New York City - and dump them. They have three days to get to him and stop the proposal.",Adventure|Animation|Comedy|Family,Regency Enterprises|Fox 2000 Pictures|Sunswept Entertainment|Bagdasarian Productions|TSG Entertainment,5.7,2015
97,11930000,18340000,The Dressmaker,Kate Winslet|Liam Hemsworth|Caroline Goodall|Judy Davis|Hayley Magnus,http://www.thedressmakermovie.com.au,Jocelyn Moorhouse,Revenge is back in fashion,based on novel|australia|dressmaker|hometown|woman director,"In 1950s Australia, beautiful, talented dressmaker Tilly returns to her tiny hometown to right wrongs from her past. As she tries to reconcile with her mother, she starts to fall in love while transforming the fashion of the town.",Drama,Amazon Studios|Film Art Media|Apollo Media,6.9,2015
98,8500000,43528634,The DUFF,Mae Whitman|Robbie Amell|Bella Thorne|Bianca A. Santos|Skyler Samuels,http://www.duffmovie.com/,Ari Sandel,"You either know one, you have one, or you are one.",high school|teenager|popularity|high school senior|teen comedy,"Bianca's universe turns upside down when she learns that her high school refers to her as a â€˜DUFF' (Designated Ugly Fat Friend). Hoping to erase that label, she enlists the help of a charming jock and her favorite teacher. Together they'll face the school's mean girl and remind everyone that we are all someone's DUFFâ€¦ and that's totally fine.",Romance|Comedy,Wonderland Sound and Vision|CBS Films|Vast Entertainment,6.8,2015
99,10000000,52882018,Sinister 2,Shannyn Sossamon|James Ransone|Tate Ellington|Nicholas King|Lucas Jade Zumann,http://www.sinistermovie.com/,Ciaran Foy,"Be careful, children at play.",haunted house|sequel|twins,A young mother and her twin sons move into a rural house that's marked for death.,Horror,Alliance Films|Blumhouse Productions|IM Global|Automatik Entertainment|Entertainment One,5.5,2015
100,30000000,107597242,Paul Blart: Mall Cop 2,Kevin James|Raini Rodriguez|Eduardo VerÃ¡stegui|Daniella Alonso|Neal McDonough,,Andy Fickman,Vegas has a new high roller.,shopping mall|las vegas nevada|security guard,"Security guard Paul Blart is headed to Las Vegas to attend a Security Guard Expo with his teenage daughter Maya before she departs for college. While at the convention, he inadvertently discovers a heist - and it's up to Blart to apprehend the criminals.",Action|Adventure|Comedy|Family,Columbia Pictures|Happy Madison Productions|Sony Pictures Releasing|Sony Pictures Home Entertainment|Sony Pictures Entertainment (SPE),5.3,2015
